{
  "rmse": 0.8258995342994655,
  "camera_matrix": [
    [1890.760395035921, 0.0, 1053.6727971526961],
    [0.0, 1884.1316965215544, 694.8348420564262],
    [0.0, 0.0, 1.0]
  ],
  "distortion_coefficients": [
    [-0.4058097075371559, 0.3386410486751433, 0.0029116972847873825, 0.0015569736085106077, -0.22681237987675368]
  ]
}